id,Name,closed,website,website down,facebook,linkedin,lat,lng,address,city,region,country,description,email
1,ActivSpaces,,http://activspaces.com/,,https://www.facebook.com/ActivSpaces,,4.1515548,9.23278570000002,"Cefam Rd, Buea, Cameroon",Buea,Southwest,Cameroon,"ActivSpaces is an open collaboration space, innovation hub and startup incubator for African techies. Established in 2009, ActivSpaces was one of the earliest African coworking spaces to provide free and open access to members actively pursuing technology-based ventures. Based in Buea, Cameroon.  ",info@activspaces.com
,makesense,,http://africa.makesense.org,,,,,,"Rue Mermoz, Dakar, Dakar, Sénégal",,,,,
2,AkiraChix,,http://akirachix.com/,,,,-0.2849853,36.0693113,"Kenyatta Avenue, Nakuru, Kenya",Nakuru,Nakuru County,Kenya,AkiraChix is a not for profit organisation that aims to inspire and develop a successful force of women in technology who will change Africa’s future.,
79,ALFTech Hub,,http://alftechhub.com/,x,https://www.facebook.com/pg/alftechhub/services/,,6.6927446,3.23648539999999,"Ota, Nigeria",Ota,Ogun State,Nigeria,"ALFTech Hub is  an innovation hub that is focused on social impact, job creation, skill acquisition, youth engagement and innovation. ",
,Bamako Incubateur,,http://bamako-incubateur.com,,https://www.facebook.com/BIncubateur/,,,,"Missira, Mali",,,,"Les activités de Bamako Incubateur s’articulent autour de six (06) axes :  1.	Faciliter la promotion du numérique auprès des enfants, femmes et jeunes en milieu urbain, rural, de la diaspora et migrants ;  2.	Faciliter l’intégration du numérique dans les secteurs du développement ;  3.	Identifier, faciliter la création de solution numérique dans les différents secteurs du développement ;  4.	Identifier et accompagner les innovations numériques dans les différents secteurs du développement ;  5.	Faciliter l’employabilité des jeunes notamment de la diaspora et migrants dans le domaine du numérique ;  6.	Faciliter l’accès des start up numériques aux financements.     ",bamako.incubateur@gmail.com
46,BitHub,,http://bithub.africa/,,,,-1.3009903,36.8142327,"Kenya Road, Nairobi, Kenya",Nairobi,Nairobi County,Kenya,BitHub Africa is a commercial Blockchain Accelerator that is driving the adoption of blockchain technology and solutions across Africa.,
4,BongoHive,,http://bongohive.co.zm/,,,,-15.4186552,28.3099678,"Haile Selassie Ave, Lusaka, Zambia",Lusaka,Lusaka Province,Zambia,"BongoHive, based in Lusaka, Zambia, provides a place for the local tech community to meet, swap experiences, and attend training, networking and hackathon events. ",
44,Buni Lab,,http://buni.or.tz/,,,,-6.369028,34.888822,Tanzania,,,Tanzania,Buni is a technology hub that fosters innovation and technology entrepreneurship through capacity building & mentoring programs.  ,
59,Centre d'innovation de Lubumbashi Democratic Republic of Congo,,http://cinolu.org/CIL/,,http://www.facebook.com/cinolu,,0.4990124,29.4527538,"Beni, North-Kivu, Democratic Republic of the Congo",Beni,North-Kivu,Democratic Republic of the Congo,Centre d'innovation de Lubumbashi Democratic Republic of Congo,reception@cinolu.org
,Couveuse PAPRICAI / Association Heinrich Klose,,http://couveuse-papricai.org/,,https://www.facebook.com/papricai/,,,,"Lomé, quartier Avédji, Carrefour Margot, Lomé, Togo",,,,"En 2014, l’Association Heinrich Klose lance la couveuse PAPRICAI, Plateforme pour l’Aide aux Projets et Initiatives de Création d’Activités Innovantes, pour répondre aux besoins de structuration des filières industrielles du secteur culturel et créatif.Dans la perspective de développer un environnement de travail propice aux professionnels du secteur culturel et créatif, l’Association Heinrich Klose a développé un dispositif d’accompagnement global favorisant synergies, mise en réseau et échanges interdisciplinaires. Ainsi est né le dispositif EDOU, outil de développement de connaissances et de compétences sur l’entreprenariat culturel et créatif. EDOU est lancé en septembre 2016 et se décline en six (06) volets : espaces de résidences et de créations, équipements bureautiques mutualisés, espace coworking, hébergements physiques modulables et juridique, salle de formations séminaires, micro-crédit (fonds de développement de l’entrepreneuriat créatif).",contact@couveuse-papricai.org
,Oser Innover,,http://daretoinnovate.com/,,https://fr-fr.facebook.com/DaretoInnovate/,,,,,,,,,
57,The District,,http://district-egypt.com/,x,,,26.820553,30.802498,Egypt,,,Egypt,The District is an inspiring coworking space for game-changing entrepreneurs and freelancers with social capital.  ,
,ECOLIA Labs,,http://ecolialabs.org,,https://www.facebook.com/EcoliaLabs/,,,,"Ecolia Labs, Unnamed Rd, Yaoundé, Cameroun",,,,"À travers cet incubateur, nous aidons les Jeunes et les Femmes à s’approprier le potentiel innovant des technologies modernes afin de stimuler leur créativité, et utiliser le numérique pour proposer des solutions innovantes et frugales aux problèmes de notre société.",contact@ecolialabs.org
68,Founders Hub,,http://foundershub.xyz/holder/,,,,8.9847995,4.56244259999994,"Kwara, Nigeria",,Kwara,Nigeria,"Founders Hub is an innovation hub that is focused on skill acquisition, youth engagement and innovation.",
28,Hive Colab,,http://hivecolab.org/,,,,0.3355622,32.582343,"Uganda National Museum, Kampala, Uganda",Kampala,Central Region,Uganda,"The Hive Colab is a community-owned, collaborative and co-working space for Uganda’s technology based community",
56,Ice Alex,,http://icealex.com/,,,,30.7622959,29.6962677,"Alexandria Governorate, Egypt",,Alexandria Governorate,Egypt,"Ice Alex is an ever-growing international network of hubs and nodes in Cairo & Alexandria (Egypt), Addis Ababa (Ethiopia) and Weimar (Germany). ",info@icealex.com
67,iCODE,,http://icodegh.com/,,,,4.9028537,-1.79162220000001,"Apollo, Takoradi, Ghana",Takoradi,Western Region,Ghana,"iCODE is an innovation hub that is focused on skill acquisition, youth engagement and innovation.  ",
,I&F Entrepreneuriat,,http://ifentrepreneuriat.org/,x,,,,,"23, Avenue Kolo, Quartier Noki, Mbanza-Ngungu, Bas-Congo, RD Congo",,,,"I&Fentrepreneuriat est riche d’une expérience de 10 ans (2007 – 2017) dans l’accompagnement par incubation d’entreprise. Il est le premier incubateur d’entreprises en République Démocratique du Congo.   I&Fentrepreneuriat est riche d’au-moins 148 entreprises dont 30 créées par des jeunes de moins de 25 ans exerçant pour 80% dans l’agroalimentaire, 5% dans la haute technologie, 5% dans la production des matériaux de construction et 10% dans les technologies de l’information et la communication.   Ces entreprises sont riches de 86 produits innovants. I&Fentrepreneuriat compte 25 coaches très jeunes.   I&Fentrepreneuriat a développé une pédagogie d’accompagnement basée sur le modèle TCC-GRP pour aider ses porteurs de projets à créer leurs entreprises.    ",contact@ifentrepreneuriat.org
10,iLab Liberia,,http://ilabliberia.org/,,,,6.306069,-10.7988739,"Camp Johnson Rd, Monrovia, Liberia",Monrovia,Montserrado,Liberia,"iLab Liberia is a non-profit computer laboratory providing access to cutting-edge technology, expert IT assistance and a community leveraging technology for the good of Liberia. iLab offers free trainings in contextually relevant ICTs that are open to the public. iLab also hosts tech events and serves as a meet-up space for a range of tech enthusiasts and professionals. ",
,Incubateur UGB,,http://incubation.ugb.sn,,https://web.facebook.com/incubateurugb/,,,,"Sanar, Saint-Louis, Saint-Louis, Sénégal",,,,,incubateur@ugb.edu.sn
,Incub&#039,ivoir,,http://incubivoir.net/,,https://www.facebook.com/incubivoir1/,,,,zone 3 rue des carrossiers Boîte Postale 10 Bp 1041 Abidjan 10,,,,incubinfo@caamonde.org
94,Injini,,http://injini.co.za/,,,,-33.9248685,18.4240553,"Cape Town, South Africa",Cape Town,Western Cape,South Africa,"Injini is an incubator and accelerator that is focused on social impact, job creation and innovation. ",info@injini.africa
,Innov&#039,up,,http://innovup.fefa.tg/,x,https://www.facebook.com/centreInnovupTogo/,,,,"innovup, Avenue Du 24 Janvier, Lomé, Togo",,,"Pour en savoir plus visitez notre site <a href=""http://innovup.fefa.tg"">http://innovup.fefa.tg</a> ",innovup@fefa-togo.org
36,iSpace,,http://ispacegh.com/,,,,5.5712984,-0.146848299999988,"Ghana International Trade Fair Centre, Accra, Ghana",Accra,Greater Accra Region,Ghana,"The iSpace Foundation is a coworking tech and creative innovation space for startups, innovators, social entrepreneurs & developers..  ",info@ispacegh.com
11,JoziHub,,http://jozihub.org/,,,,-26.1934093,27.9849379,"South Africa Islam, Johannesburg, Gauteng, South Africa",Johannesburg,Gauteng,South Africa,"JoziHub is a co-creation space in Johannesburg dedicated to creating sustainable change in Africa 44 Stanley Ave, Milpark, Johannesburg, 2092, South Africa. ",info@jozihub.org
48,kLab,,http://klab.rw/,,,,-1.940278,29.873888,Rwanda,,,Rwanda,"kLab (knowledge Lab) is a unique open technology hub in Kigali where students, entrepreneurs and innovators come to work.  ",
,Lisungi Fablab,,http://lisungifablab.org,,http://lisungi fablab,,,,"44 Avenue De La Démocratie, Kinshasa, République démocratique du Congo",,,,"Le projet Lisungi FabLab est un atelier de fabrication numérique ouvert à tous. Il a pour but de sensibiliser et développer les compétences numériques des jeunes défavorisés ou en rupture scolaire et des femmes en situation précaire en particulier, en travaillant avec des associations d’encadrement qui leur dispense des formations métiers dans le domaine de l’informatique, l’électronique et la télécommunication. Le projet met en place des actions qui les impliqueront dans la valorisation de leurs compétences, par le biais de l’initiation et la pratique dans différents ateliers. 2 types d’activités sont prévus, notamment les formations à la fabrication numérique et l’accompagnement.",info@lisungifablab.org
,MCISE,,http://Mcise.org,,,,,,"Rabat, Maroc",,,,,
16,The Meltwater Entrepreneurial School of Technology (MEST),,http://meltwater.org/incubator/about-the-incubator/,,,,5.6446677,-0.152526599999987,"Aluguntugui St, Accra, Ghana",Accra,Greater Accra Region,Ghana,The Meltwater Entrepreneurial School of Technology (MEST) provides training and mentoring for aspiring African software entrepreneurs with the goal of creating wealth and jobs locally in Africa.,
17,The NaiLab,,http://nailab.co.ke/,,,,-1.3373892,36.6891955999999,"Ngong View Road, Nairobi, Kenya",Nairobi,Nairobi County,Kenya,"The NaiLab is a startup accelerator that focuses on early stage business ideas that are likely to have a large social and economic impact, are highly scalable, require minimum investments to prototype and have a strong value proposition. We offer a 3 to 12 months entrepreneurship program for growing innovative technology-driven ideas.  ",
77,NexGen Technology Center,,http://nexgentechs.org/,,,,3.8480325,11.5020752,"Yaounde, Cameroon",Yaounde,Centre,Cameroon,"NexGen is an innovation hub that is focused on skill acquisition, youth engagement and innovation.",nextgentechcenter@gmail.com
15,Reconstructed Living Lab (RLabs),,http://rlabs.org/,,,,-33.9538889,18.532508,"66 Tarentaal Rd, Bridgetown, Cape Town 7769, South Africa",Cape Town,Western Cape,South Africa,Reconstructed Living Lab (RLabs) is a global movement and registered social enterprise that provides innovative solutions to address various complex problems.,info@rlabs.org
,SM LAB &amp, CO,,http://smlab.cool/,,https://web.facebook.com/SMLabCO,,,,,,,,contact@smlab.cool
,StartOpp Zone,,http://startoppzone.com,,http://https,//facebook.com/startoppzone,,,,"22/121 Atron, N&#039;Djamena",,,,startoppzone@rjdlt.com
70,Sylabs,,http://sylabs-dz.com/,,,,28.033886,1.659626,Algeria,,,Algeria,"Sylabs is an innovation hub that is focused on social impact, skill acquisition and innovation.",hello@sylabs-dz.com
18,The Office,,http://theoffice.rw/,x,https://facebook.com/TheOfficeRW/?__tn__=%2AsH-R,,-1.9517449,30.0610748,"26 KN 3 Road, Kigali, Rwanda",Kigali,Kigali City,Rwanda,"The Office is a coworking space, a community innovation hub, a physical entrepreneurial ecosystem, and an art gallery...among other things. ",
,AFP PME,,http://www.afppme.bf/,,https://web.facebook.com/AfpPme/,,,,,,,,,direction@afppme.bf
,AKEWA ACCELERATEUR,,http://www.akewa.org,,https://www.facebook.com/akewacroissance/,,,,"Cité Scherko/Angondje commune D&#039;Akanda ,  Libreville",,,,"AKEWA est le premier accélérateur et l'un des acteurs de référence de l'écosystème de l'innovation sociale au Gabon. Engagés dans la promotion de l'entrepreneuriat social, nous sommes spécialisés dans cinq (05) domaines clé : les Industrielles culturelles, l’Environnement, les Technologies de l'information et de la communication (TIC), les Énergies renouvelables et l’Agrobusiness.  Encourageant le management collaboratif, nous accompagnons tous types de projets et quel que soit le stade : idée de création, développement, et croissance.  Nous vous proposons une première étape de consultation 100 % gratuite : accueil, audit du projet, conseils personnalisés, et aide au montage de dossiers de projet.   Après analyse de votre projet et de ses besoins, nous facilitons le parcours des porteurs de projets et des start-ups qui souhaitent se développer.",agence.akewa@gmail.com
85,BabyLab,,http://www.baby-lab.org/,,http://Guiako OBIN,,5.3173556,-4.01906439999993,"Abobo Habitat, Q 180",Abidjan,Abidjan,Côte d'Ivoire,"BabyLab is an innovation center that is focused on social impact, youth engagement and innovation.",contact@baby-lab.org
,BeoogoLAB,,http://www.beoogolab.org,,,,,,"Somgandé, Secteur 19, Rue Dima Koon ,  Ouagadougou",,,,,info@beoogolab.org
,Bidaya,,http://www.bidaya.io,,https://www.facebook.com/Bidaya.io/,,,,"33 bis rue le titien Val fleuri ,  Casablanca",,,,"Bidaya est l'incubateur Social Green Tech du Maroc, appartenant au réseau international d'incubateurs GROUPE SOS Pulse. Implanté à Casablanca depuis 2015, Bidaya a accompagné plus de 40 startups à fort impact social ou environnemental.         Convaincu de la nécessité de construire des modèles économiques innovants pour répondre aux <b>défis sociaux et environnementaux</b>, Bidaya oeuvre pour l'entrepreneuriat<b> à fort impact</b> à travers 4 pôles d'activités : <ul><li>   Bidaya Incub, le programme d'accompagnement général d'entreprises en amorçage     Bidaya Funds, le programme d'accompagnement vers le financement d'entreprises ayant validé leur preuve de concept </li><li>    Bidaya Space, le programme de promotion de l'entrepreneuriat à impact social ou environnemental</li><li>Bidaya Lab, le programme de partage et de valorisation de l'expertise Bidaya&nbsp;</li></ul>",contact@bidaya.io
,Bond&#039,innov,,http://www.bondinnov.com/,,https://www.facebook.com/incubateurbondinnov/,,,,"32 Avenue Henri Varagnat, Bondy, France",,,"   Notre expérience dans l'accompagnement de projets innovants nous permet de sélectionner et de suivre avec soin des projets de qualité grâce à une équipe d'accompagnement dédiée, des locaux à disposition des entrepreneurs, un réseau actif en France et en Afrique, des formations collectives, un pôle d'experts, et de nombreux autres services !",contact@bondinnov.com
,BujaHub,,http://www.bujahub.com,,https://www.facebook.com/bujahub/,,,,"Boulevard De La Liberte, Bujumbura, Burundi",,,,,info@bujahub.com
,CENTRE D&#039,AFFAIRES REGIONAL ANOSY,,http://www.cara.mg,,,,,,"Kathyana Car Rental - Bazaribe Fort Dauphin, Fort-Dauphin, Madagascar",,,,cara.anosy@gmail.com
34,CIPMEN,,http://www.cipmen.org,,https://www.facebook.com/incubateurCIPMEN/,,17.607789,8.08166600000004,Niamey,,,Niger,"Le CIPMEN travaille aussi à faciliter l’internationalisation des entreprises nigériennes. En effet, le centre incubateur nigérien a initié le consortium SahelInnov dans l’objectif d’améliorer la coopération entre les incubateurs de la sous-région et permettre la structuration du marché sahélien.           Lancé en avril 2014, le Centre incubateur des PME du Niger est une association à but non lucratif soutenue par l’Etat nigérien et reçoit des financements privés.",contact@cipmen.org
,Comores Coworking,,http://www.comorescoworking.com,,http://Com&#039,Work,,,,"Boulevard Karthala, Moroni, Comores",,,,contact@comorescoworking.com
,Congo Business Network,,http://www.congobusinessnetwork.org,,,,,,"Concession Procoki, avenue de L&#039;OUA, Kinshasa, Democratic Republic of the Congo",,,,,
5,CTIC Dakar,,http://www.cticdakar.com/fr/,,https://www.facebook.com/cticdakar/,,14.6691984,-17.4306432,"Rue Berenger Feraud, Dakar, Senegal",Dakar,,Senegal,"CTIC Dakar is the first incubator and accelerator devoted to IT entrepreneurs in Francophone Sub-Saharan Africa. Registered as a non-profit, CTIC is an entrepreneurial public-private partnership initiated by the private sector and supported by the government of Senegal, the World Bank / infoDev, GIZ, the Center for Enterprise Development of the EU and Orange (leading telco in West Africa). ",contact@cticdakar.com
,CUBE,,http://www.cubenter.com,x,https://www.facebook.com/SAEICUBE/,,,,"BP 4556, togo",,,,"L'accent est mis sur les projets dans les biotechnologies (Agriculture et transformation agroalimentaire, solutions innovantes en biotechnologies médicales, environnementales et industrielles). Toutefois nous sommes prêts à accompagner d'autres projets si le volet innovation est prouvé (Inclusion financière, énergie, services de base) et qui répondent à un problème identifié dans la communauté.",equipecube@gmail.com
,Dira Partners,,http://www.dirapartners.com,,,,,,"80 Résidences Hacienda, dakar , Sénégal",,,,,contact@dirapartners.com
43,dLab,,http://www.dlab.or.tz/,,,,-6.8234286,39.2680669,"Tanzania Breweries, Msimbazi Street, Dar es Salaam, Tanzania",Dar es Salaam,,Tanzania,"dLab began operations in March, 2016 and was legally registered in the same month with a current staff strength of 35.  ",
,DLCOWORKING (DLC),,http://www.dlcoworking.com,,https://www.facebook.com/DLCoworking-201097337076733/,,,,"Av Kawar, Derrière maternité Yantala ,  Niamey",,,,,contact@dlcoworking.com
81,DoniLab,,http://www.donilab.net/,x,https://www.facebook.com/donilab.officiel/,,12.6363899,-7.99483789999999,SOTUBA,Bamako,District de Bamako,Mali,"DoniLab is an innovation hub that is focused on social impact, job creation and innovation.",info@donilab.net
,Emergence Capital / Diaspo&#039,Lab,,http://www.emergence.africa,,,,,,"167 avenue Lamine Guèye x Place Soweto Immeuble Rivonia Tower 11ème étage, Dakar-Sénégal",,,<b></b><b></b>,ncamara@emergence.africa
6,enspire Incubator,,http://www.enspire.org.ng/,,,,9.0764785,7.39857400000005,"Abuja, Federal Capital Territory, Nigeria",Abuja,Federal Capital Territory,Nigeria,"enspire is amongst the major initiatives of Abuja Technology Village Free Zone Company (ATV). It seeks to stimulate economic growth and sustainable job creation in Nigeria through innovation, entrepreneurship, enterprise development and technology commercialization by providing training, mentoring, networking opportunities, infrastructure and access to finance among others. ",
,MIAWODO,,http://www.entrepreneursdumonde.org,,https://www.facebook.com/miawodo/,,,,"Carrefour de la rue 71 et de la rue 232 à Aflao Gakli ,  Lomé",,,,  Miawodo identifie les femmes et jeunes qui possèdent des idées ou des projets novateurs à fort potentiel de croissance et les accompagne à la création et au développement de leurs entreprises afin d’hisser ces entreprises au rang d’entreprises de croissance ou d’impacts à l’échelle nationale.  ,edm.togo@entrepreneursdumonde.org
,LA RENCONTRE DES ENTREPRENEURS-SAS,,http://www.entrepreneursenegal.com,,,,,,"AGORA BUSINESS CENTER, VILLA N7 MERMOZ ,  DAKAR",,,,"La  Rencontre Des Entrepreneurs (RDE) est le 1èr Accélérateur multisectoriel d'appui et d'accompagnement privé du Sénégal dont la  principale mission consiste à  repérer des PME à fort potentiel pour en faire des champions en leur  donnant accès au capital,  aux meilleures compétences  et   à  un  ensemble de réseau   ",
7,EtriLabs,,http://www.etrilabs.com/,,https://www.facebook.com/etrilabscotonou/,,6.3628451,2.42312849999996,"Rue 403, Cotonou, Benin",Cotonou,Littoral Department,Benin,"EtriLabs is the first and only technology hub in Cotonou (Benin). It offers co-working, start-up incubation, training and outsourcing services. With a particular focus on economic development, EtriLabs helps NGOs, businesses and government use technology to achieve their goals. Local developers and entrepreneurs gravitate around the hub for resources and opportunities. ",
,Expert&#039,Labs Mali,,http://www.expertlabsmali.com,x,https://www.facebook.com/ExpertLabsBamako/?ref=bookmarks,,,,"Bamako, Mali",,,Offrir des opportunités de développement économique aux jeunes maliens à travers le secteur privé  La création d’un bon environnement de développement des entreprises jeunes au Mali  La facilitation de l’interconnexion des entrepreneurs au Mali et dans le monde   ,expertlabsmali@gmail.com
,Ghiyada Africa,,http://www.ghiyadaafrica.org,,https://www.facebook.com/ghiyadaafrica/,,,,"adidogome la pampa ,  lomé",,,,,ghiyadaafrica@gmail.com
80,Green Innovation Hub (GiHUB),,http://www.gih.space/,x,https://www.facebook.com/GiHUBZim/,,-17.8251657,31.03351,"Harare, Zimbabwe",Harare,Harare Province,Zimbabwe,"GiHUB is an innovation hub that is focused on social impact, job creation and innovation and get most of their funds from Africa. ",
,Hadina Rimtic,,http://www.hadinarimtic.com,x,https://www.facebook.com/hadinarimtic/about/?ref=page_internal,,,,"Nouakchott, Nouakchott, Mauritanie",,,,,contact@hadinarimtic.com
23,Hapa Space,,http://www.haspace.com/,x,,,6.6934285,-1.61401030000002,"Kumasi Ghana @ 50 Jubilee Park, Kumasi, Ghana",Kumasi,Ashanti Region,Ghana,"Hapaweb Solutions is an Information Technology (IT) company based in Kumasi, Ghana. As an IT company the focus is centred on the application of information technology both within the business and individual context. The core areas of operation within the IT industry are in the areas of Web and Mobile applications. ",
,,,http://www.ibizafrica.co.ke/,,,,,,,,,,,
40,iBridge,,http://www.ibridgehub.com/,,,,9.081999,8.67527700000005,Nigeria,,,Nigeria,"iBridge began operation in October, 2012 and was legally registered in the same year. It is a co-creation hub that focuses on skill acquisition, social impact and innovation.",
35,iDEA Hub,,http://www.idea-nigeria.org/,,,,9.081999,8.67527700000005,Nigeria,,,Nigeria,iDEA (Information Technology Developers Entrepreneurship Accelerator) provides essential support to entrepreneurs to build software skills.  ,
29,iLab Africa,,http://www.ilabafrica.ac.ke/,,,,-1.2882626,36.8137592000001,"Kenyatta Avenue, Nairobi, Kenya",Nairobi,Nairobi County,Kenya,@iLabAfrica is a research centre under the Faculty of Information Technology at Strathmore University established to spearhead ICT research.,
,IMMEDIATE CONSULTING &amp, Cie sarl,,http://www.immediate-consulting.org,,https://www.facebook.com/immediateconsulting/,,,,"89, avenue KANKONTWE, BEL&#039;AIR, KAMPEMBA ,",,,,info@immediate-consulting.com
50,The Innovation Village,,http://www.innovationvillage.co.ug/,,,,1.373333,32.2902750000001,Uganda,,,Uganda,"Kampala began operations in December, 2015 and was legally registered in July, 2015 with a staff strength of 4.  ",
,ISTIC Entreprises Startup,,http://www.istic.rnu.tn,,http://ISTIC Entreprises Startup,,,,"Technopole Ecopark Borj-cédria, Borj Cédria, Tunisie",,,,ISTIC Entreprises Startup se propose comme une passerelle entre le monde universitaire et le monde socio-économique.  ,
,Jokkolabs Bamako,,http://www.jokkolabs.net/Bamako,,,,,,"Torokorobougou ,  Bamako",,,,"<b>Pionnier de l’innovation ouverte, de la transformation digitale et de l’entrepreneuriat social en Afrique, Jokkolabs œuvre à la structuration d’un écosystème où s’opèrent des dynamiques collaboratives porteuses de changement.</b>",
,KhulaTech,,http://www.khulatech.com,,http://www.facebook.com/khulatech,,,,"Cotonou Bénin, Vedoko, von funai, immeuble MTN ,  Cotonou",,,,,contact@khulatech.com
,Kobo hub,,http://www.kobo-hub.com,,http://facebook.com/kobohubrdc,,,,"Immeuble 130, avenue Kwango, Kinshasa (Ref: INA)",,,,"Kobo Hub est une plateforme congolaise dédiée à l’accélération de startups et de jeunes entreprises en République Démocratique du Congo.  Kobo Hub participe à la formation et au mentorat de startups pour les aider à grandir.  Nous accompagnons les porteurs de projets en mettant à leur disposition un réseau d’experts pluridisciplinaires, un accès aux compétences, aux ressources et aux infrastructures indispensables au succès et à la croissance de leurs projets.",secretariat@kobo-hub.com
,La Fabrique,,http://www.lafabrique-bf.com,,https://www.facebook.com/lafabriquebf/,,,,"Ouagadougou, Burkina Faso",,,,,contact@lafabrique-bf.com
,LaFactory,,http://www.lafactory.co/,,https://www.facebook.com/LaFactoryByScreenDy/?ref=br_rs,,,,"Casablanca, Maroc",,,,,mehdi@lafactory.co // omaima@lafactory.co
12,Lake Hub,,http://www.lakehub.co.ke/,,,,-0.0974903,34.7525582999999,"Accra Street, Kisumu, Kenya",Kisumu,Kisumu County,Kenya,"LakeHub is bringing together the tech-enthusiasts of Western Kenya. We are an open community created to support individuals and businesses with an interest in technology in Western Kenya. LakeHub brings together programmers, creative, and entrepreneurs and connects them to resources, partners, and mentorship. ",
58,Lumumba Labs,,http://www.llab.cd/,,https://www.facebook.com/ZairInnov/,,-4.038333,21.758664,"253, Avenue Kimvula",Kinshasa,,Democratic Republic of the Congo,"Lumumba Labs began operation in October, 2014, and was officially registered in May, 2015 with a staff strength of 4.",start@llab.cd
,Maison de l&#039,entrepreneur Congolais - MEC,,http://www.maisondelentrepreneur.org,x,https://www.facebook.com/maisondelentrepreneurcongolais,,,,"8 Avenue de l&#039;Eglise , Quartier Gambela ,  Lubumbashi",,,"La maison de l'entrepreneur Congolais MEC en sigle est une structure d’accompagnement en entrepreneuriat  et innovation basée à Lubumbashi en RDC. Sa  mission est d'accompagner les jeunes entreprises sociales  innovantes en RDC en leur offrant un espace de vie, logistique à moindre coût, des espaces de travail collaboratifs, mise en réseau avec d'autres acteurs de l'écosystème entrepreneurial. Un programme d'incubation répondant aux normes internationales sera également mis en place",mec@maisondelentrepreneur.org
22,mHub Malawi,,http://www.mhubmw.com/,,,,-15.7820588,35.0042201,"Malawi Sun Hotel, Blantyre, Malawi",Blantyre,Southern Region,Malawi,"mHub is Malawi’s first ever technology hub. An incubator for technology start-ups with a special focus on building young technology entrepreneurs through training, skills development and mentorship. mHub was founded in November 2013 by Rachel Sibande a young Malawian entrepreneur in the technology space. mHub seeks to enhance the growth of the ICT sector in Malawi by cultivating and nurturing a culture of entrepreneurship in technology among the youths through training, transfer of skills and mentorship in technology and business  ",info@mhubmw.com
27,Mobile Web Ghana,,http://www.mobilewebghana.org/,,,,5.5712984,-0.146848299999988,"Ghana International Trade Fair Centre, Accra, Ghana",Accra,Greater Accra Region,Ghana,"Mobile Web Ghana was created as part of the World Wide Web Foundation’s Mobile Entrepreneurs in Africa program (sponsored by Vodafone) in 2010. It helps passionate people become mobile-technology entrepreneurs, by teaching them to create software applications that are accessible via mobile phones (whether via mobile websites, apps, SMS, or voice). It also helps to make them develop the business side of technology, and teach them mobile business: start-ups, market research, business models, etc.",
,Maison de la Petite Entreprise,,http://www.mpetchad.com,,,,,,"Quartier Moursal, Boulevard SAO, Rue 5018, B.P.: 111 , N&#039;Djamena",,,,,
,NextA,,http://www.nexta.mg,,https://www.facebook.com/nextA.mg/,,,,Immeuble Tana Shore - Enceinte Futura Andranomena Antananarivo,,,,<b>NextA</b> est bâtit sur 7 axes d'accompagnement:<ul><li>Mentoring/Coaching</li><li>Formations</li><li>Réseautage </li><li>Activités </li><li>Financement </li><li>Employabilité </li><li>Lieu </li></ul>,contact@nexta.mg
21,Mawazo Hub,,http://www.nftmawazo.com/,,,,0.3119942,32.5844634,"Uganda House, Kampala, Uganda",Kampala,Central Region,Uganda,"The Mawazo Innovation Hub, a division of NFT Consult, was established to support emerging Next Generation ICT businesses through accelerated technology commercialization. The Mawazo Innovation Hub has created a unique space for high tech entrepreneurs, academics, researchers and venture capitalists to meet, network and collectively work towards growing the Ugandan economy through innovation.  ",
41,nHub,,http://www.nhubnigeria.com/,,,,9.081999,8.67527700000005,Nigeria,,,Nigeria,"nHub began operation in November, 2015 and was legally registered in 2016 with a current staff strength of 17. It is a technology innovation hub that runs incubation and acceleration programmes.  ",
,O&#039,Botama,,http://www.obotama.com,,https://www.facebook.com/OBotama2018/,,,,"Biyem-Assi, Yaoundé, Cameroun",,,,contact@obotama.com
,OMEDEMA,,http://WWW.OMEDEMA.COM,,,,,,"1 Rue de la Mare Adam, Chaville, France",,,,"OMEDEMA est une société de conseil à impact dédiée aux entreprises souhaitant développer leurs activités en Afrique ou créer de l’innovation à travers les méthodes développées dans le contexte africain. Nous accompagnons les structures privées et publiques à développer leurs stratégies et nous leurs permettons aussi de créer de la richesse commune. OMEDEMA encourage les initiatives à impact social et sociétal. Notre ambition est d’apporter l’ensemble des outils de la création à la commercialisation pour permettre aux projets d’atteindre le maximum de leur impact. OMEDEMA est un acteur clé pour le développement de vos projets en Afrique de l’ouest francophone. Nous accélérons et sécurisons vos projets de développement, grâce à notre réseau local tissé autour de partenariats stratégiques ainsi que notre réseau de plus de 40 experts en Europe et en Afrique.",CONTACT@OMEDEMA.COM
,ORIBI Village,,http://www.oribivillage.com,,https://www.facebook.com/ORIBIVillage/,,,,"19 Park Road, Gardens, Cape Town, Afrique du Sud",,,,"ORIBI Village is a local initiative aiming at promoting Social Entrepreneurship throughout Cape Town.&nbsp;Through a collaborative co-working space and an Incubator dedicated to Social Projects, ORIBI Village is bridging the gaps caused by social and geographic inequalities while encouraging and popularizing the practice of Social Entrepreneurship as a way of business.<br>Last but not least, ORIBI Village organizes regular talks and events in order to showcase Cape Town's Social Entrepreneurs, network and inspire the community.",hello@oribivillage.com
,Incubateur Ose Ton Emploi,,http://www.osetonemploi.com,,http://@OseTonEmploi,,,,"Conakry, Guinée",,,,"       Notre objectif est de contribuer à inverser la tendance pour que des jeunes traditionnellement chercheurs d’emploi deviennent des entrepreneurs innovants, des créateurs d’emplois via la création d’entreprises pérennes et à forte valeur ajoutée.",contact@osetonemploi.com
14,Outbox,,http://www.outbox.co.ug/,,,,0.3229945,32.5766,"Soliz House, Kampala, Uganda",Kampala,Central Region,Uganda,"Outbox is a Kampala-based incubation, collaboration and co-creation space that supports techies and entrepreneurs  to turn their ideas into businesses while leveraging mobile and web technologies. ",
95,Shinga Entrepreneurship and Learning Hub,,http://www.shinga.co.zw/,x,https://www.facebook.com/shingathespace/,,-17.8330168,31.0855879000001,"Mutare Road, Harare, Zimbabwe",Harare,Harare Province,Zimbabwe,"Shinga Hub is a coworking space that is focused on job creation, skill acquisition and innovation",
49,Sote hub,,http://www.sotehub.com/,,,,-0.023559,37.906193,Kenya,,,Kenya,"Sote hub began operations in November, 2015 and was legally registered in December, 2015 with a staff strength of 5. They are an innovation hub that run incubation and acceleration programmes focused on job creation and youth engagement. Its major source of income comes from Europe",
20,Start Innovation Hub,,http://www.starthub.com.ng/,,,,5.0377396,7.91279450000002,"Uyo, Akwa Ibom, Nigeria",Uyo,Akwa Ibom,Nigeria,"Start Innovation Hub is an innovation lab in Uyo, Nigeria. It was incorporated in May 2014 to help technology startups with software and hardware ideas start up faster. Start Hub aims at stimulating economic growth in the technology community by providing key ingredients like seed funding, mentorship and access to business expertise. Others are networking opportunities, peer review, pitch development, product testing and introduction to investors. ",
39,Startpreneurs,,http://www.startpreneurs.com.ng/,,,,9.081999,8.67527700000005,Nigeria,,,Nigeria,"Startpreneurs began operation in January, 2016 and was legally registered in December 2015 with a current staff strength of 20.  ",info@startpreneurs.com.ng
,STARTUP FACTORY,,http://www.startupdjibouti.com,,https://www.facebook.com/StartUpDjibouti/,,,,Djibouti,,,,"STARTUP FACTORY est un accélérateur des startups lancé de Djibouti . StartUp Factory a pour  vocation d’encourage et d’investir dans des  entrepreneurs brillants et passionnés avec  des idées nouvelles et ambitieuses .  Lancé en septembre 2018 , StartUp Factory  est un programme de startup en démarrage  ainsi qu’une mise en relation d'un&nbsp; fond d’amorçage destiné à  accélérer la croissance des startups&nbsp; Djiboutiennes et fournir un boost régulier à  l’industrie croissante de l économie Digital  à Djibouti .",contact@startupdjibouti.com
25,STIC Lab,,http://www.sticlab.co.tz/,,,,-6.8234286,39.2680669,"Tanzania Breweries, Dar es Salaam, Tanzania",Dar es Salaam,,Tanzania,"STICLab LTD is the first Maker Space in Tanzania with a state of the art digital fabrication Lab where 80% of the equipment being used is made locally by STICLab itself. This equipment includes tools such as CNC Milling Machines and 3D printers. STICLab’s Technology and Innovation Centre is designed to provide a productive environment for scientists, makers and innovators, providing full access to a Lab and Workshop facilities that support product development from idea creation through to production. We welcome individuals from different backgrounds with engineering and technical ideas that could transform society to use our facilities.",
,Tamkeen Center,,http://www.tamkeen.ma,,,,,,"Oujda, Maroc",,,,"Tamkeen Center est une initiatve privée et apolitique, mais accueille toute contribution et appui technique et financiers pour favoriser le déploiement de son activité à plus grande échelle.&nbsp;",contact@tamkeen.ma
,TECHNIPOLE SUP VALOR,,http://www.technipole-supvalor.com,,,,,,"Yaoundé, Cameroun",,,,"Notre crédo c'est : <b>discipline</b>, <b>travail</b> et <b>performance</b> et nous souhaitons participer activement à la construction de l'écosystème entrepreneurial africain.",gkamande@technipole-supvalor.com
53,The Tech Village,,http://www.techvillage.org.zw/,,,,-19.015438,29.154857,Zimbabwe,,,Zimbabwe,"The Tech Village began operations in May, 2016 and was legally registered in September, 2016 with a staff strength of 5.  ",
65,iCode Tentmaker,,http://www.tentmakergh.com/,,,,5.5632667,-0.191305199999988,"Ghana Institute Of Journalism, Gamel Abdul Nasser Avenue, Accra, Ghana",Accra,Greater Accra Region,Ghana,iCode Tentmaker,
,THE PLUG,,http://www.theplugbybo.com,,https://www.facebook.com/the.plug.by.bo,,,,"Résidence les Terrasses D&#039;Oran, Bir El Djir, Oran",,,,"The Plug est un programme d’incubation proposé par BOPlug à toute entrepreneur ayant un projet en lien avec le développement de l'expérience client. Plus innovant, plus digitale et plus respectueux des nouvelles attentes environnementales.",contact@thepugbybo.com
,Trustee sas,,http://www.trustees.fr,,https://www.facebook.com/TrusteeVC/,,,,"Tombo ,  Kaloum, Conakry",,,,Trustee est une société qui accompagne et investit en position minoritaire dans les startups innovantes. Trustee intervient également à divers stades de développement dans des Startups et Pme  à fort potentiel de croissance. Nous offrons également un espace de travail partagé (Coworking) et d'autres prestations à la carte pour mieux repondre au besoin des porteurs de projet.  ,contact@trustees.fr
24,Twende Hub,,http://www.twende-tanzania.org/,,,,6.3335725,-3.17231800000002,"Tanzania, Western Region, Ghana",Tanzania,Western Region,Ghana,"Twende hub was founded in 2007 to identify local needs & engineer new technology solutions, empower entrepreneurs, offer business support, and encourage local innovation. Also to empower Tanzanians to design, develop, and disseminate life-improving technology solutions to the challenges they and their communities face. ",
,UAC Startup Valley,,http://www.uacstartupvalley.com,,https://www.facebook.com/uacstartupvalley/,,,,"Abomey Calavi, Bénin",,,,,uacstartupvalley@uacstartupvalley.com
26,Ventures Platform,,http://www.venturesplatform.com/,,,,9.0438014,7.49190239999996,"Abuja International Conference Centre, Herbert Macaulay Way, Abuja, Nigeria",Abuja,Federal Capital Territory,Nigeria,"Ventures Platform (VP) is a world-class full-service innovation hub in Abuja. At the core of VP's value proposition is an intensive 16-week hybrid incubation program, a residence for need-based cohorts and a paid co-working space for free-lance entrepreneurs and professionals on the go. VP’s Incubation program offers start-ups a unique mix of workspace, business strategy and capacity building, short term residency for accepted fellows and seed funding for innovative ideas. And every tool needed to survive, grow and ultimately thrive.",
,VERDE VENTURES LTD,,http://www.verdefrontier.mu/,,,,,,"Ebène, Quatre Bornes, Maurice",,,,,
33,Wenak Labs,,http://www.wenaklabs.org/,,https://www.facebook.com/wenaklabs,,13.1078947,14.4490398,"Immeuble BSIC, 2eme étage",,N’Djamena,Chad,"began operation in April, 2014, and was officially registered in July, 2015. They are an innovation and co-creation hub focused on social impact, skill acquisition, job creation and youth engagement.",contact@wenaklabs.org
42,Wennovation Hub,,http://www.wennovationhub.org/,,,,9.081999,8.67527700000005,Nigeria,,,Nigeria,"The Wennovation Hub was founded in August 2010, to accelerate HIGH IMPACT entrepreneurs into the marketplace ",
19,Woe Lab,,http://www.woelabo.com/,,,,4.9255857,-2.32036949999997,"Gulf of Guinea, Esiama, Ghana",Esiama,Western Region,Ghana,"With twenty members, the Woe Lab, a young innovative community in Lome, Togo, is the first African space dedicated to technology democracy. ",
32,xHub,,http://www.xhubaddis.com/,,,,8.9806034,38.7577605,"Addis Ababa, Ethiopia",Addis Ababa,Addis Ababa,Ethiopia,"Addis Ababa’s xHub Innovative Society is an open space for IT entrepreneurs, innovators, technologists, investors, tech companies..",
84,Y-BECA Youth Entrepreneurship Foundation,,http://www.y-beca.org/,x,,https://ru.linkedin.com/company/y-beca-youth-entrepreneurship-foundation,-26.20222,28.049388,"Johannesburg Sewing Centre, Pritchard Street, Hillbrow, Johannesburg, South Africa",Johannesburg,Gauteng,South Africa,"Y-BECA is an incubator and accelerator that is focused on social impact, job creation and innovation",
,Youth CDC,,http://www.youthcdc.com,x,https://www.facebook.com/YouthCDC/,,,,"Avedji-Elavagnon, Lomé, Togo",,,,"Youth CDC est un programme d'accompagnement à la levée de fonds et de développement d'entreprises qui a pour ambition de lutter contre le chômage des jeunes en Afrique par la promotion de l'entrepreneuriat. Le programme développe une approche innovante d'accompagnement autour d'un programme de formation certifiant dénommé <b>""Certificate in Development of Innovation Companies"" -CDIC</b>.",youthcdcprogram@gmail.com
,ZEN Lab,,http://www.zenlab.com.tn/,,http://www.facebook.com/ZENLAB.Tunisie/,,,,"Immeuble Emeraude Center, Jardins du Lac 2 , Tunis, Tunisie",,,,,contact@zenlab.com.tn
,YESAAL AGRI HUB,,http://yeesalhub.org/,,https://fr-fr.facebook.com/yeesalagrihub/,,,,,,,,,yeesalagrihub@gmail.com
38,Ogooue Labs,,https://about.me/ogoouelabs,,,,0.3606914,9.46803190000003,"Gabon Libreville, Libreville, Estuaire, Gabon",Libreville,Estuaire,Gabon,"Ogooue Labs is the first coworking space in Gabon for entrepreneurs free, that are willing to get together in order to share & develop synergy.  ",
45,C4DLab,,https://c4dlab.ac.ke/,,,,-0.023559,37.906193,Kenya,,,Kenya,"C4DLab is a research & development, prototyping and innovation startup incubation lab housed at the School of Computing & Informatics.  ",
69,Cairo Hackerspace,,https://cairohackerspace.org/,,,,30.0444196,31.2357116000001,"Cairo, Egypt",Cairo,Cairo Governorate,Egypt,Cairo Hackerspace is an innovation hub that focuses on social impact and innovation.   ,
96,Civic Foundation for Innovation,,https://civicfoundationforinnovation.org/,,,,9.0764785,7.39857400000005,"Abuja, Nigeria",Abuja,Federal Capital Territory,Nigeria,"Civic Innovation hub is a co-creation space and innovation center that is focused on social impact, youth engagement and innovation. ",Info@civicfoundationforinnovation.org
89,CoLab,,https://colab.com.ng/,,,,10.4548808,7.4056928,"kaduna South, Kaduna, Nigeria",Kaduna,Kaduna,Nigeria,"CoLabs is a co-creation space, incubator/accelerator and an innovation space that focuses on skill acquisition, social impact and innovation. ",
,CONNECT&#039,INNOV,,https://connect-innov.com/,,,,,,,,,,contact@connect-innov.com
86,Digital Development Hub,,https://ddhub.org.ng,x,,https://ng.linkedin.com/company/ddhubng,12.0049303,8.51169030000006,"Kano City, Kano, Nigeria",Kano,Kano,Nigeria,"Digital Hub is a co-working space, incubation/acceleration and an innovation center that focuses on social impact, skill acquisition and job creation. ",
,FACTORY 619,,https://factory619.com,,https://www.facebook.com/factory619,,,,,,,,,hedi@factory319.com
,Guerra Tech Hub,,https://guerrahub.com,,https://www.facebook.com/GuerraHub,,,,"Banikanni, rue de la pharmacie du Campus ,  Parakou",,,,"Avec Guerra, nous souhaitons développer une communauté, un pôle social, durable, multiculturel et intergénérationnel autour des enjeux du numérique. A cet effet, nous avons mis en place 3 grands programmes de développement et offrons de multiples services pour soutenir notre communauté technologique.",contact@guerrahub.com
100,Honode Hub,,https://honode.org/,,,,6.2330852,0.996561700000029,"Ho - Denu Road, Dzodze, Ghana",Dzodze,Volta Region,Ghana,"Honode Hub is an incubator and accelerator  that are focused on skill acquisition, job creation and innovation.  ",
70,Aiivon innovation hub,,https://hub.aiivon.com,,,,9.0764785,7.39857400000005,"Abuja, Nigeria",Abuja,Federal Capital Territory,Nigeria,"Aiivon Hub is an innovation hub that is focused on social impact, job creation, skill acquisition, youth engagement and innovation. ",
76,Innovation Growth Hub,,https://ighub.com.ng/,,,,5.4308921,7.5247243,"Abia, Nigeria",,Abia,Nigeria,"Innovation Growth Hub is an innovation hub that is focused on job creation, skill acquisition and innovation. ",
47,iHub,,https://ihub.co.ke/,,,,-0.023559,37.906193,Kenya,,,Kenya,"iHub is Nairobi’s innovation hub for the technology community and serve as an open space for the technologists, investors, tech companies and hackers   ",
,Incubme,,https://incubme.com/,,,,,,"333 bouchaoui 03 Cheraga ,  Alger",,,,,
60,iRise Somalia,,https://irisehub.so/en/,,,,5.152149,46.199616,Somalia,,,Somalia,iRise Somalia,
103,iZone Hub,,https://izonehub.org.zw/,,https://www.facebook.com/izonehub/,,-17.8118106,31.0895029000001,"Zimbabwe Cricket, Maiden Drive, Harare, Zimbabwe",Harare,Harare Province,Zimbabwe,"iZone Hub is an incubator and accelerator that are focused on skill acquisition, job creation and innovation.",
,JABA SPACE,,https://jabaspace.co/,,https://www.facebook.com/jabaspacecoworking/,,,,,,,,,hello@jabaspace.co
97,Kianda Hub,,https://kiandahub.com/,,,,-8.8249255,13.2279833,"ANGOLA LNG, Rua Amílcar Cabral, Luanda, Angola",Luanda,Luanda,Angola,"Kianda Hub is an open space, coworking, co creation space and innovation center that focuses on social impact, job creation and innovation. ",
99,Kivu Hub,,https://kivuhub.net/,,,,-4.3919893,15.3127824000001,"Bukavu, Kinshasa, Congo-Kinshasa",Kinshasa,Kinshasa,Democratic Republic of the Congo,"Kivu Hub is an incubator and accelerator that are focused on social impact, job creation and innovation. ",
61,Kumasi Hive,,https://kumasihive.com,,,,7.946527,-1.02319399999999,Ghana,,,Ghana,Kumasi Hive,info@kumasihive.com
31,Mawazo Innovation Hub (Gabon),,https://mawazohub.com/,,,,0.3935071,9.44680019999998,"Gabon Telecom, Libreville, Estuaire, Gabon",Libreville,Estuaire,Gabon,"The Mawazo Innovation Hub, a division of NFT Consult, was established to support emerging Next Generation ICT businesses .",
51,The Mawazo Innovation Hub (Uganda),,https://mawazohub.com/,,,,0.3119942,32.5844634,"Uganda House, Kampala, Uganda",Kampala,Central Region,Uganda,"The Mawazo Innovation Hub, a division of NFT Consult, was established to support emerging Next Generation ICT businesses .  ",
73,Nairobi Garage,,https://nairobigarage.com/,,,,-1.2920659,36.8219462,"Nairobi, Kenya",Nairobi,Nairobi County,Kenya,Nairobi Garage is a co-working space that is focused on social impact and professional solutions.,
102,Diaspo Hub,,https://ng.linkedin.com/company/ddhubng,,https://www.facebook.com/DiaspoHub/,,12.6250651,-7.98821799999996,"Ambassade d'Allemagne, Rue 14",Bamako,District de Bamako,Mali,"Diaspo Hub is an incubator and accelerator  that are focused on skill acquisition, social impact and innovation.",secretariat@diaspohub.com
66,Olotu Square (Lagos),,https://olotusquare.co/,,,,6.6623005,3.2833564,"Nigeria Newspapers, Lagos, Nigeria",Lagos,Lagos,Nigeria,Olotu Square,
93,Olotu Square (Port Harcourt),,https://olotusquare.co/,,,,4.815554,7.04984420000005,"Port Harcourt, Nigeria",Port Harcourt,Rivers,Nigeria,"Olotu Square is an innovation center focused on social impact, youth engagement and innovation. ",
,,,https://saharaventures.com/sahara-accelerator,,,,,,,,,,,
74,Softstart Business and Technology Incubator,,https://softstartbti.co.za/,,,,-26.2041028,28.0473051,"Johannesburg, South Africa",Johannesburg,Gauteng,South Africa,"Softstart Incubator is an innovation hub that is focused on social impact, job creation and innovation. ",
,Solidar&#039,IT,,https://solidarit-hub.org,,https://www.facebook.com/SolidarItHub/,,,,"Solidar&#039;it, Boulevard Steinmetz, Cotonou, Bénin",,,"Solidar'it est un espace numérique ouvert, un espace de formation et de rencontres autour du numérique associé à un incubateur d’entreprises numériques naissantes.&nbsp; Notre ambition est d’offrir à la jeunesse en quête de savoir un espace de formation et à un groupe de concepteurs de produits numériques, les ressources nécessaires au démarrage d’un projet d’entreprise numérique.  SOLIDAR’IT est porté par le Club Associatif le Club Perspectives +, un Club de Réflexions, de Propositions et d’Actions intervenant dans plusieurs secteurs comme la Santé, l’Education, le Dev Durable, le Numérique et bien d’autres. Avec une entité au BÉNIN, en FRANCE et au CANADA, le Club Perspectives + concrétise depuis près de 10 ans maintenant plusieurs projets avec ses équipes et un reseau de partenaires et de bénévoles performant.",
78,Swahilipot Hub,,https://swahilipothub.co.ke/,x,,,-4.0434771,39.6682065,"Mombasa, Kenya",Mombasa,Mombasa County,Kenya,"Swahilipot Hub is an innovation hub that is focused on social impact, job creation, skill acquisition, youth engagement and innovation. ",
75,Impact Hub Bamako,,https://the-hub.company/,,https://www.facebook.com/ImpactHubBamako,,12.6392316,-8.00288920000003,Hamdallaye ACI 2000,Bamako,Bamako Capital District,Mali,"Impact Hub Bamako is an innovation hub that is focused on job creation, youth engagement and innovation",bamako.info@impact.net
52,The Innovation Hub,,https://theinnovationhub.com/,,,,-30.559482,22.937506,South Africa,,,South Africa,The Innovation Hub ,info@theinnovationhub.com
82,Roothub Accelerator Systems,,https://theroothub.com/,,https://www.facebook.com/theroothub/,,4.876463,8.08569299999999,"Uyo Airport, Uyo, Nigeria",Uyo,Akwa Ibom,Nigeria,"Roothub is a co-creation space  that is focused on social impact, job creation and innovation. ",
72,Uplift Hub,,https://uplift.ng/,,,,10.3009641,9.82365329999993,"Bauchi, Nigeria",Bauchi,Bauchi,Nigeria,"Uplift Hub is an innovation hub that is focused on social impact, job creation, skill acquisition, youth engagement and innovation.",info@uplift.ng
8,Habaka,,https://web.facebook.com/habakamg?_rdr,,,,-18.9078944,47.5287605,"Lalana Rainandriamampandry, Antananarivo, Antananarivo Province, Madagascar",Antananarivo,Antananarivo Province,Madagascar,"Habaka is a technology innovation space that brings together academicians, the private sector and investors to support the tech community and entrepreneurship. Its ambition is to hack local problems with ingenious technology solutions. ",
3,AMN Coworking Space,x,https://wiki.hackerspaces.org/AMN_Co_Working_Space,,,,5.3553063,-3.96637899999996,"E 128, Abidjan, Côte d'Ivoire",Abidjan,Région des lagunes,Côte d'Ivoire,"AMN Coworking Space focuses on web, design, media and cultural entrepreneurs, leveraging mobile and web solutions to address a business need. Technologists, media professionals, investors and doers are welcomed to the space.",
92,Wired Startups,,https://wiredstartups.business.site/,,,,31.791702,-7.09262000000001,Morocco,,,Morocco,"Wired Startups is an Incubator/Accelerator that is focused on job creation, skill acquisition and innovation.",
,CEPEM Couveuse d&#039,Entreprise pour la Promotion de l&#039,Emploi par la Micro-entreprise,,https://www.cepem.sn,,https://web.facebook.com/cepemsn,,,,"3 Rue Amadou Assane Ndoye X béranger Ferraud ,  Dakar",,,contact@cepem.sn
54,The Bandwidth Barn,,https://www.citi.org.za/spaces/,,,,-30.559482,22.937506,South Africa,,,South Africa,"Cape Town’s The Bandwidth Barn (TheBarn) enables people to start successful businesses, develop great products and help change the world   ",
,CREATEAM,,https://www.createam.ml/,,https://web.facebook.com/Lincubateur-Createam-927943447313058/?_rdc=1&amp,_rdr,,,,,,,,contact@createam.ml
62,Eldo Hub Innovation,,https://www.eldohub.co.ke/,,,,-0.2849853,36.0693113,"Kenyatta Avenue, Nakuru, Kenya",Nakuru,Nakuru County,Kenya,Eldo Hub Innovation,
,Energy Generation,,https://www.energy-generation.org/,,https://www.facebook.com/EnergyGeneration,,,,"Hédzranawoé, 2e Arrondissement, Lomé (Awoudja) Lomé, Togo,  Lomé",,,,"Energy Generation est une organisation panafricaine qui encourage les jeunes Africains à relever les défis les plus pressants de leur génération (énergie, agriculture, santé, etc.) à travers l'entrepreneuriat et la technologie.     <br>Energy Generation vise à soutenir et à promouvoir les innovations technologiques et entrepreneuriales afin d'identifier, de développer et de diffuser largement les solutions pratiques « made in Africa ».     <br><br>Mais avant tout, Energy Generation est une plate-forme centrée sur l'humain qui offre aux individus des possibilités de libérer et d’exprimer toute leur créativité.<br>",contact@energy-generation.org
37,IT Kola,,https://www.facebook.com/itkola?_rdc=1&_rdr,,,,7.369722,12.354722,Cameroon,,,Cameroon,"IT Kola stands for innovation and use of sustainable technologies for Africa. It is a collaborative platform where ideas, inspiration & commitment  ",
,Kufanya,,https://www.facebook.com/kufanyaincub/,,https://www.facebook.com/kufanyaincub/,,,,"Rue Mongi Bali, Sfax, Tunisie",,,,"<b>  Kufanya </b>est un partenaire d’implémentation de l’organisation international pour les migrations, de l’institut français, de l’ONG Tunisie terre d’asile. Nous sommes membre de reseau de promotion de l’entreprise sociale chabaka et partenaire de l’incubateur pour entreprise sociale en tunisie lab’ess.   ",africabusinessleaders@gmail.com
9,Ice Addis,,https://www.iceaddis.com/,,,,9.0118214,38.7328845,"Chad St, Addis Ababa, Ethiopia",Addis Ababa,Addis Ababa,Ethiopia,"iceaddis is a self-sufficient business incubation and innovation community center aimed at supporting Ethiopia’s economic growth by tightening the constructive interaction between researchers, developers, entrepreneurs, creative workers and customers and by promoting local technological solutions and solution providers to the public.   ",
55,inCUBE8,,https://www.incube8mw.com/,x,https://www.facebook.com/incube8mw/,,-13.254308,34.301525,Malawi,,,Malawi,"inCUBE8 Malawi began operation in February, 2016 and was officially registered on the same day. They are an innovation hub that run incubation and acceleration programmes targeted at youth engagement and job creation.  ",
87,Innovate Ventures,,https://www.innovate.so/,,,,9.562389,44.0770133999999,"Hargeisa, Somalia",Hargeisa,Woqooyi Galbeed,Somalia,"Innovate Ventures is an open space, co-working space, incubation/acceleration and an innovation center that focuses on job creation, social impact and innovation.",
98,Iris Hub,,https://www.irishub.rw/,,,,-1.9705786,30.1044288000001,"Kigali, Rwanda",Kigali,Kigali City,Rwanda,"Iris Hub is an incubator and accelerator focused on job creation, youth engagement and innovation. ",
,Groupe ISM,,https://www.ismincub.com/,,https://fr-fr.facebook.com/GroupeISM/,,,,,,,,,incubateurs@ism.edu.sn
,JA Gabon,,https://www.jagabon.org/,,https://www.facebook.com/Juniorachievementgabon/,,,,"JA Gabon, Libreville, Gabon",,,,,info@jagabon.org
,Jokkolabs Dakar,,https://www.jokkolabs.net/senegal/dakar,,https://www.facebook.com/jokkolabsDakar/,,,,Sacré Cœur 3 villa 9653 dakar,,,,"Initiative privée à but non lucratif, Jokkolabs ouvre en 2010 l’un des premiers espaces d’innovation du continent Africain parmi 700 pionniers, à l’échelle mondiale, pour entreprendre autrement. Jokkolabs est aujourd’hui un écosystème de l’innovation ouverte, actif en France ( Nanterre et Marseille) et dans 8 pays africains (Bénin, Burkina Faso, Cameroun, Côte d’Ivoire, Mali, Maroc, Gambie et Sénégal).Jokkolabs est un réseau d’espaces d’innovation, un environnement unique où plus de 400 entrepreneurs, créatifs et innovateurs développent leurs activités.Jokkolabs est une communauté d’entrepreneurs partageant des valeurs d’ouverture et de collaboration. Nous offrons un cadre de qualité où ils travaillent, se rencontrent, collaborent, apprennent et s’amusent au sein d’un large réseau virtuel de plus de 10 000 membres. Jokkolabs est un action tank « indépendant » qui recherche des approches innovantes liées à l’économie numérique pour répondre aux enjeux sociaux économique du 21ième siècle.",contact@jokkolabs.co
,Lab&#039,ess,,https://www.labess.tn,,https://www.facebook.com/LabessTunisie/,,,,"7 Rue du Docteur Alphonse Laveran, Tunis, Tunisie",,,,contact@labess.tn
,INCUBATEUR RSE BENIN,,https://www.linkedin.com/company/groupe-de-travail-rse-b%C3%A9nin/,,,,,,"lot P1430 vèdoko ,  Cotonou",,,,,
13,MLab Southern Africa (SA),,https://www.mlab.co.za/,,,,-25.7491488,28.2674629000001,"The Enterprise Building, Allan Cormack St, Pretoria 0020, South Africa",Pretoria,Gauteng,South Africa,mLab Southern Africa (SA) is a mobile solutions laboratory and startup accelerator that provides entrepreneurs and mobile developers with the support they need to develop innovative mobile applications and services.  ,
30,Muzinda,,https://www.muzindahub.co.zw/,x,,,-17.8118106,31.0895029000001,"Zimbabwe Cricket, Maiden Drive, Harare, Zimbabwe",Harare,Harare Province,Zimbabwe,"Muzinda is Zimbabwe’s first entrepreneurship and innovation Hub—a one-stop shop for idea development, innovation and digital skills.",
91,Passion Incubator,,https://www.passionincubator.ng/,,,,6.4524039,3.39685350000002,"Lagos Island, Lagos, Nigeria",Lagos,Lagos,Nigeria,"Passion Incubator is an innovation hub that focuses on job creation, skill acquisition and innovation. ",
,Playlab,,https://www.play-international.org/le-playlab,,,,,,"Villa Mamelles Aviation LOT numéro 3 TF ,  Dakar",,,,,info@play-international.org
,Sira Labs,,https://www.sira-labs.com/,,,,,,"Festival Des Glaces, Ouagadougou, Burkina Faso",,,,,contact@sira-labs.com
,TECHNOPARK,,https://www.technopark.ma/s/login/?language=fr&amp,startURL=%2Fs%2F&amp,ec=302,x,https://web.facebook.com/pages/Technopark,,,,,,,contact@technopark.ma
83,Tentmaker,,https://www.tentmakergh.com/,x,,,5.6004186,-0.183411500000034,"accra, Ghana Airways Avenue, Accra, Ghana",Accra,Greater Accra Region,Ghana,"Tentmaker is a co-creation space  that is focused on social impact, job creation and innovation.  ",
,VOISINAGE,,https://www.uvci.edu.ci/,,https://www.facebook.com/uvciv/,,,,,,,,,muhamad.adebayo@uvci.edu.ci&gt
101,Incubme Algeria,,www.incubme.com,,https://www.facebook.com/IncubMeDz/,,28.033886,1.659626,Algeria,,,Algeria,"Incubme is an incubator and accelerator  that are focused on skill acquisition, job creation and innovation.",
,ACSE,,,,https://www.facebook.com/AlgerianCenterForSocialEntrepreneurship,,,,"107 Boulevard Des Martyrs, Sidi M&#039;Hamed, Algérie",,,,"<b>The Algerian Center for Social Entrepreneurship (ACSE)</b> a été créé en 2013 et a comme mission que chaque problème social et environnemental en Algérie trouve une solution innovante et entrepreneuriale. Pour ce faire, ACSE développe deux volets : <b>un volet promotion</b>, visant à sensibiliser, valoriser et fédérer autour de l'entrepreneuriat social en Algérie, et <b>un volet accompagnement</b> se concrétisant par une incubation de huit mois. Plus qu'un incubateur d'entreprises sociales, ACSE UP, est également<b> le plus grand coworking space d'Algérie. </b>",j.ferreira@acsedz.com
,Africinnov,,,,,,,,"Dakar, Sénégal",,,,,
104,Altoufikh International,,,,,,12.1348457,15.0557415000001,"N'Djamena, Chad",N'Djamena,N'Djamena,Chad,"Altoufikh International is an open space focused on social impact, youth engagement and innovation. ",
63,Centre Swahilipot hub,,,,,,0.5157743,35.2747495,"Kenyatta Street, Eldoret, Kenya",Eldoret,Uasin Gishu County,Kenya,CentreSwahilipot hub,
,Cied,,,,https://web.facebook.com/AccompagnementCIED/,,,,"Abidjan, Côte-d&#039;Ivoire, Abidjan, Côte d&#039;Ivoire",,,,,
,INCUBONS,,,,https://fr-fr.facebook.com/incubons/,,,,"VP 27 A bis Ambohimiandra ,  Antananarivo",,,," •	Un cabinet d’expertise à destination de toutes les organisations promouvant l’entrepreneuriat des jeunes et des femmes à Madagascar, dans l’Océan Indien et en Afrique.&nbsp;",incubons.etc@gmail.com
,JA Gabon Mouila,,,,,,,,"Mouila, Gabon",,,,,
,Le Boukarou,,,,https://www.facebook.com/LeboukarouOfficiel/,,,,"Douala, Cameroun",,,,"Au boukarou vous êtes chez vous, venez et ensemble nous allons surmonter les défis qui s'imposent à vous !",contact@leboukarou.digital.com
88,Mashinani Hub,,,,https://www.facebook.com/mashinanihub/,,-0.6708163,34.7771001,"Kisii Country Club, Kisii, Kenya",Kisii,Kisii County,Kenya,"Mashinani Hub is an innovation center that is focused on social impact, job creation and innovation.",
,Saboutech,,,,https://www.facebook.com/saboutech/,,,,"Bluezone De Dixinn, Conakry, Guinée",,,,,projetsaboutech@gmail.com
,total-startup-center,,,,http://facebook.com/TotalCongo,,,,"Avenue raymond Poincaré, 3ème étage du bâtiment Solemare",,,,,princilia-doris.mizere@total.com
90,Tribe,,,,,,6.2757656,7.00683930000002,"Anambra, Nigeria",,Anambra,Nigeria,"Tribe is an innovation centre that is focuses on skill acquisition, social impact and innovation.  ",
